{
  "resource_pack_name": "geyser_mc_mappings",
  "texture_data": {
    "notreepunching.andesite_rock": {
      "textures": "textures/item/notreepunching/andesite_rock"
    },
    "notreepunching.ceramic_water_bucket": {
      "textures": "textures/item/notreepunching/ceramic_water_bucket"
    },
    "notreepunching.ceramic_axolotl_bucket": {
      "textures": "textures/item/notreepunching/ceramic_axolotl_bucket"
    },
    "notreepunching.ceramic_bucket": {
      "textures": "textures/item/notreepunching/ceramic_bucket"
    },
    "notreepunching.ceramic_cod_bucket": {
      "textures": "textures/item/notreepunching/ceramic_cod_bucket"
    },
    "notreepunching.ceramic_lava_bucket": {
      "textures": "textures/item/notreepunching/ceramic_lava_bucket"
    },
    "notreepunching.ceramic_milk_bucket": {
      "textures": "textures/item/notreepunching/ceramic_milk_bucket"
    },
    "notreepunching.ceramic_powder_snow_bucket": {
      "textures": "textures/item/notreepunching/ceramic_powder_snow_bucket"
    },
    "notreepunching.ceramic_pufferfish_bucket": {
      "textures": "textures/item/notreepunching/ceramic_pufferfish_bucket"
    },
    "notreepunching.ceramic_salmon_bucket": {
      "textures": "textures/item/notreepunching/ceramic_salmon_bucket"
    },
    "notreepunching.ceramic_tadpole_bucket": {
      "textures": "textures/item/notreepunching/ceramic_tadpole_bucket"
    },
    "notreepunching.ceramic_tropical_fish_bucket": {
      "textures": "textures/item/notreepunching/ceramic_tropical_fish_bucket"
    },
    "notreepunching.clay_brick": {
      "textures": "textures/item/notreepunching/clay_brick"
    },
    "notreepunching.clay_bucket": {
      "textures": "textures/item/notreepunching/clay_bucket"
    },
    "notreepunching.clay_flower_pot": {
      "textures": "textures/item/notreepunching/clay_flower_pot"
    },
    "notreepunching.clay_tool": {
      "textures": "textures/item/notreepunching/clay_tool"
    },
    "notreepunching.copper_axe": {
      "textures": "textures/item/notreepunching/copper_axe"
    },
    "notreepunching.copper_boots": {
      "textures": "textures/item/notreepunching/copper_boots"
    },
    "notreepunching.copper_chestplate": {
      "textures": "textures/item/notreepunching/copper_chestplate"
    },
    "notreepunching.copper_helmet": {
      "textures": "textures/item/notreepunching/copper_helmet"
    },
    "notreepunching.copper_hoe": {
      "textures": "textures/item/notreepunching/copper_hoe"
    },
    "notreepunching.copper_knife": {
      "textures": "textures/item/notreepunching/copper_knife"
    },
    "notreepunching.copper_leggings": {
      "textures": "textures/item/notreepunching/copper_leggings"
    },
    "notreepunching.copper_mattock": {
      "textures": "textures/item/notreepunching/copper_mattock"
    },
    "notreepunching.copper_pickaxe": {
      "textures": "textures/item/notreepunching/copper_pickaxe"
    },
    "notreepunching.copper_saw": {
      "textures": "textures/item/notreepunching/copper_saw"
    },
    "notreepunching.copper_shovel": {
      "textures": "textures/item/notreepunching/copper_shovel"
    },
    "notreepunching.copper_sword": {
      "textures": "textures/item/notreepunching/copper_sword"
    }
  },
  "texture_name": "atlas.items"
}
